{
	"class_name" : "PinholeCameraParameters",
	"extrinsic" : 
	[
		2.2204460492503131e-16,
		-2.2204460492503131e-16,
		-1.0,
		0.0,
		1.0,
		4.9303806576313238e-32,
		2.2204460492503131e-16,
		0.0,
		0.0,
		-1.0,
		2.2204460492503131e-16,
		0.0,
		0.059466499999999978,
		0.12190200000000001,
		2.4193708166569454,
		1.0
	],
	"intrinsic" : 
	{
		"height" : 1694,
		"intrinsic_matrix" : 
		[
			1467.0470340108395,
			0.0,
			0.0,
			0.0,
			1467.0470340108395,
			0.0,
			1499.5,
			846.5,
			1.0
		],
		"width" : 3000
	},
	"version_major" : 1,
	"version_minor" : 0
}